{"0 ": [0.7649632274161513, 0.2350367725838488], "2 p": [6.0110603510459244e-05, 0.9999398893964896], "0 pb": [0.9999607290200536, 3.927097994636519e-05], "2 b": [6.0110603510459244e-05, 0.9999398893964896], "2 ": [0.2798202044174512, 0.7201797955825487], "1 p": [0.9997775548212308, 0.0002224451787692185], "2 pb": [0.0001073835143020963, 0.9998926164856979], "1 b": [0.6432933799719129, 0.3567066200280871], "0 p": [0.6668735375230725, 0.33312646247692757], "0 b": [0.9999399399399399, 6.006006006006006e-05], "1 ": [0.9826731829737091, 0.017326817026290776], "1 pb": [0.41341134207052227, 0.5865886579294777]}