{"0 ": [0.7772489344647442, 0.22275106553525575], "2 p": [3.0037246185269735e-05, 0.9999699627538148], "0 pb": [0.9999807350699134, 1.9264930086625034e-05], "2 b": [3.0037246185269735e-05, 0.9999699627538148], "2 ": [0.3181393548596057, 0.6818606451403944], "1 p": [0.9998420843277646, 0.00015791567223548132], "2 pb": [4.672488750850683e-05, 0.9999532751124915], "1 b": [0.6429643023444485, 0.3570356976555516], "1 ": [0.986093194977364, 0.01390680502263601], "1 pb": [0.4341031865087454, 0.5658968134912546], "0 p": [0.659711406983693, 0.340288593016307], "0 b": [0.9999698686272147, 3.01313727853441e-05]}