{"3-": [0.5049413395134116, 0.4950586604865884], "2-": [0.7565631469813975, 0.24343685301860254], "1-": [0.6973441673823321, 0.302655832617668], "3-ch": [0.43245210335684436, 0.5675478966431556], "2-ch": [0.7631131719083952, 0.23688682809160483], "1-ch": [0.6717530695312178, 0.3282469304687823], "6-ch.ch.d": [0.3704840046868943, 0.6295159953131056], "5-ch.ch.d": [0.7541079672843359, 0.24589203271566412], "9-ch.ch.d": [0.6348512716115641, 0.3651487283884359], "6-ch.ch.d.ch": [0.06802332034309834, 0.9319766796569017], "5-ch.ch.d.ch": [0.6452026431268195, 0.3547973568731805], "9-ch.ch.d.ch": [0.0, 1.0], "6-ch.ch.d.ch.r": [0.0, 0.34291314883822804, 0.657086851161772], "5-ch.ch.d.ch.r": [0.5626249928065634, 0.17766123652563584, 0.2597137706678007], "9-ch.ch.d.ch.r": [0.0, 0.029050581285009668, 0.9709494187149903], "6-ch.ch.d.ch.r.R": [0.0, 1.0], "5-ch.ch.d.ch.r.R": [0.3513531642229486, 0.6486468357770514], "9-ch.ch.d.ch.r.R": [0.0, 1.0], "6-ch.ch.d.r": [0.0, 0.278242455276775, 0.721757544723225], "5-ch.ch.d.r": [0.5622638066136209, 0.17329651212798586, 0.2644396812583933], "9-ch.ch.d.r": [0.0, 0.028462963880279777, 0.9715370361197203], "6-ch.ch.d.r.R": [0.0, 1.0], "5-ch.ch.d.r.R": [0.4478286633571347, 0.5521713366428653], "9-ch.ch.d.r.R": [0.0, 1.0], "3-ch.r": [0.0, 0.45666695221770753, 0.5433330477822925], "2-ch.r": [0.3545887320789634, 0.31907455127981066, 0.3263367166412259], "1-ch.r": [0.6342711356449474, 0.17406986476798766, 0.19165899958706492], "5-ch.r.c.d": [0.6471665985080207, 0.3528334014919793], "4-ch.r.c.d": [0.5888699293542219, 0.41113007064577817], "7-ch.r.c.d": [0.15133995840077552, 0.8486600415992245], "5-ch.r.c.d.ch": [0.5984817584363822, 0.40151824156361776], "4-ch.r.c.d.ch": [0.41861767607427863, 0.5813823239257213], "7-ch.r.c.d.ch": [0.07480722729577009, 0.92519277270423], "5-ch.r.c.d.ch.r": [0.39534372476334606, 0.2552116594763846, 0.34944461576026925], "4-ch.r.c.d.ch.r": [0.5528392048118573, 0.11161647981201196, 0.3355443153761307], "7-ch.r.c.d.ch.r": [0.6688827516167724, 0.024499659276678163, 0.30661758910654946], "5-ch.r.c.d.ch.r.R": [0.277111185662462, 0.722888814337538], "4-ch.r.c.d.ch.r.R": [0.6563992466362745, 0.3436007533637256], "7-ch.r.c.d.ch.r.R": [1.0, 0.0], "5-ch.r.c.d.r": [0.3985135859658397, 0.23785760489662527, 0.363628809137535], "4-ch.r.c.d.r": [0.5388252428874776, 0.034373496031399005, 0.42680126108112354], "7-ch.r.c.d.r": [0.6806214098878828, 0.0, 0.3193785901121173], "5-ch.r.c.d.r.R": [0.36224390017957203, 0.6377560998204279], "4-ch.r.c.d.r.R": [0.4960150540967929, 0.5039849459032071], "7-ch.r.c.d.r.R": [1.0, 0.0], "3-ch.r.R": [0.0, 1.0], "2-ch.r.R": [0.04089308854978822, 0.9591069114502118], "1-ch.r.R": [0.5465810899332422, 0.4534189100667578], "5-ch.r.R.c.d": [0.5986911856637698, 0.4013088143362302], "4-ch.r.R.c.d": [0.5959180677382613, 0.40408193226173866], "7-ch.r.R.c.d": [0.17443086747396994, 0.82556913252603], "5-ch.r.R.c.d.ch": [0.7997002955043415, 0.20029970449565856], "4-ch.r.R.c.d.ch": [0.07807813230930746, 0.9219218676906925], "7-ch.r.R.c.d.ch": [0.05216921677055893, 0.9478307832294411], "5-ch.r.R.c.d.ch.r": [0.41678856171997863, 0.21440379822624972, 0.3688076400537716], "4-ch.r.R.c.d.ch.r": [0.6030339664079954, 0.08731755569527822, 0.30964847789672634], "7-ch.r.R.c.d.ch.r": [0.6487933614470188, 0.0, 0.35120663855298123], "5-ch.r.R.c.d.ch.r.R": [0.23434522966874938, 0.7656547703312506], "4-ch.r.R.c.d.ch.r.R": [0.5430447022402505, 0.45695529775974947], "7-ch.r.R.c.d.ch.r.R": [1.0, 0.0], "5-ch.r.R.c.d.r": [0.33401755955280826, 0.3272523414628708, 0.33873009898432094], "4-ch.r.R.c.d.r": [0.4275524797656449, 0.039946293230655454, 0.5325012270036996], "7-ch.r.R.c.d.r": [0.22679857399814837, 0.0, 0.7732014260018516], "5-ch.r.R.c.d.r.R": [0.35921651971874596, 0.640783480281254], "4-ch.r.R.c.d.r.R": [0.5146782842131622, 0.4853217157868379], "7-ch.r.R.c.d.r.R": [1.0, 0.0], "3-r": [0.0, 0.4697162321675976, 0.5302837678324024], "2-r": [0.16886547336212848, 0.41322052561796735, 0.4179140010199041], "1-r": [0.5984109379819528, 0.1865875977872156, 0.2150014642308316], "6-r.c.d": [0.37134205583286145, 0.6286579441671385], "5-r.c.d": [0.6451136170265436, 0.3548863829734564], "9-r.c.d": [0.29212196705800225, 0.7078780329419977], "6-r.c.d.ch": [0.2047019529103866, 0.7952980470896134], "5-r.c.d.ch": [0.5899437331542339, 0.4100562668457662], "9-r.c.d.ch": [0.018215330318910084, 0.9817846696810899], "6-r.c.d.ch.r": [0.06517989330826221, 0.4952843015952683, 0.4395358050964695], "5-r.c.d.ch.r": [0.43239400569576497, 0.24025253474132563, 0.32735345956290945], "9-r.c.d.ch.r": [0.0, 0.05493362548016693, 0.9450663745198331], "6-r.c.d.ch.r.R": [0.05153380670188292, 0.9484661932981171], "5-r.c.d.ch.r.R": [0.24625876977582611, 0.7537412302241738], "9-r.c.d.ch.r.R": [0.0, 1.0], "6-r.c.d.r": [0.024824819026853705, 0.495888252355255, 0.4792869286178913], "5-r.c.d.r": [0.375294175189986, 0.2604425981097008, 0.3642632267003133], "9-r.c.d.r": [0.0, 0.0840961649971876, 0.9159038350028125], "6-r.c.d.r.R": [0.034766291210295834, 0.9652337087897043], "5-r.c.d.r.R": [0.37152550210950314, 0.6284744978904969], "9-r.c.d.r.R": [0.0, 1.0], "3-r.R": [0.0, 1.0], "2-r.R": [0.058533266436247365, 0.9414667335637527], "1-r.R": [0.5392206234290801, 0.4607793765709199], "5-r.R.c.d": [0.5371053392613825, 0.46289466073861746], "4-r.R.c.d": [0.28415210830511156, 0.7158478916948885], "7-r.R.c.d": [0.12190216816071821, 0.8780978318392818], "5-r.R.c.d.ch": [0.5770622964027592, 0.4229377035972408], "4-r.R.c.d.ch": [0.8049581661455061, 0.19504183385449392], "7-r.R.c.d.ch": [0.21609224338161415, 0.7839077566183859], "5-r.R.c.d.ch.r": [0.4062310007555844, 0.2945973829504732, 0.2991716162939424], "4-r.R.c.d.ch.r": [0.5523260732005109, 0.011791569836199702, 0.43588235696328953], "7-r.R.c.d.ch.r": [0.15026177494355894, 0.030141987124142285, 0.8195962379322989], "5-r.R.c.d.ch.r.R": [0.2856637089452425, 0.7143362910547575], "4-r.R.c.d.ch.r.R": [0.8331433451172429, 0.1668566548827571], "7-r.R.c.d.ch.r.R": [1.0, 0.0], "5-r.R.c.d.r": [0.3778371203284536, 0.21210991191548415, 0.41005296775606226], "4-r.R.c.d.r": [0.6390672595898458, 0.015910067197260198, 0.34502267321289404], "7-r.R.c.d.r": [0.7471647339905674, 0.025900827488898173, 0.22693443852053446], "5-r.R.c.d.r.R": [0.34451721488966897, 0.6554827851103311], "4-r.R.c.d.r.R": [0.5490979552350761, 0.45090204476492396], "7-r.R.c.d.r.R": [1.0, 0.0], "8-ch.ch.d": [0.9675667363019284, 0.032433263698071715], "4-ch.ch.d": [0.9493705049830902, 0.05062949501690985], "8-ch.ch.d.ch": [0.45843758259555034, 0.5415624174044497], "4-ch.ch.d.ch": [0.867086379685467, 0.13291362031453302], "8-ch.ch.d.ch.r": [1.0, 0.0, 0.0], "4-ch.ch.d.ch.r": [0.7160774855291623, 0.04313000411098635, 0.24079251035985144], "8-ch.ch.d.ch.r.R": [0.052815767230076416, 0.9471842327699236], "4-ch.ch.d.ch.r.R": [0.5780757883230198, 0.4219242116769803], "8-ch.ch.d.r": [0.8975680571781837, 0.059190851415826674, 0.04324109140598968], "4-ch.ch.d.r": [0.7027853523204395, 0.02622796371003446, 0.2709866839695261], "8-ch.ch.d.r.R": [0.0, 1.0], "4-ch.ch.d.r.R": [0.5793602872493152, 0.42063971275068474], "6-ch.r.c.d": [0.2852841845904284, 0.7147158154095715], "8-ch.r.c.d": [1.0, 0.0], "6-ch.r.c.d.ch": [0.09240761976939942, 0.9075923802306006], "8-ch.r.c.d.ch": [0.7913681699933239, 0.20863183000667612], "6-ch.r.c.d.ch.r": [0.04870149963754432, 0.48381362710533676, 0.4674848732571189], "8-ch.r.c.d.ch.r": [0.7810853605738037, 0.21891463942619635, 0.0], "6-ch.r.c.d.ch.r.R": [0.0, 1.0], "8-ch.r.c.d.ch.r.R": [0.0, 1.0], "6-ch.r.c.d.r": [0.017408826936072798, 0.534879306188872, 0.4477118668750552], "8-ch.r.c.d.r": [0.9066605718115333, 0.05270022993054976, 0.040639198257917], "6-ch.r.c.d.r.R": [0.022733191529987772, 0.9772668084700122], "8-ch.r.c.d.r.R": [0.5, 0.5], "8-r.c.d": [0.9032457937499216, 0.09675420625007836], "4-r.c.d": [0.7040685313449069, 0.29593146865509307], "8-r.c.d.ch": [0.915225868276034, 0.08477413172396607],