{"J": [0.7772489344647442, 0.22275106553525575], "Kp": [3.0037246185269735e-05, 0.9999699627538148], "Jpb": [0.9999807350699134, 1.9264930086625034e-05], "Kb": [3.0037246185269735e-05, 0.9999699627538148], "K": [0.3181393548596057, 0.6818606451403944], "Qp": [0.9998420843277646, 0.00015791567223548132], "Kpb": [4.672488750850683e-05, 0.9999532751124915], "Qb": [0.6429643023444485, 0.3570356976555516], "Q": [0.986093194977364, 0.01390680502263601], "Qpb": [0.4341031865087454, 0.5658968134912546], "Jp": [0.659711406983693, 0.340288593016307], "Jb": [0.9999698686272147, 3.01313727853441e-05]}
