{"1 ": [0.9857105147199442, 0.014289485280055766], "0 p": [0.669244522957889, 0.330755477042111], "1 pb": [0.4503754098576776, 0.5496245901423225], "0 b": [0.9999700724247321, 2.9927575267851797e-05], "2 p": [5.9822924144532185e-05, 0.9999401770758555], "2 b": [2.9911462072266092e-05, 0.9999700885379277], "2 ": [0.3685404898393715, 0.6314595101606284], "1 p": [0.9998872474760803, 0.00011275252391975054], "2 pb": [4.052279068263738e-05, 0.9999594772093173], "1 b": [0.6477901420166642, 0.3522098579833359], "0 ": [0.7929754911947452, 0.20702450880525483], "0 pb": [0.9999812194998631, 1.8780500136926895e-05]}