{"2-/ ": [0.5042062929117018, 0.49579370708829823], "1-/ ": [0.6222084072291364, 0.3777915927708636], "3-/ ": [0.4891411717301631, 0.510858828269837], "2-/ /ch": [0.5203537834190337, 0.47964621658096623], "1-/ /ch": [0.6432679438821433, 0.35673205611785674], "3-/ /ch": [0.3199995255058253, 0.6800004744941748], "6-/ /ch/ch/ ": [0.9152534273172994, 0.08474657268270061], "5-/ /ch/ch/ ": [1.0, 0.0], "9-/ /ch/ch/ ": [0.20291649980743934, 0.7970835001925607], "6-/ /ch/ch/ /ch": [0.7687578104597254, 0.23124218954027467], "5-/ /ch/ch/ /ch": [0.8905209449149275, 0.10947905508507258], "9-/ /ch/ch/ /ch": [0.0, 1.0], "6-/ /ch/ch/ /ch/r": [0.6332776016117471, 0.3291476280578919, 0.037574770330360996], "5-/ /ch/ch/ /ch/r": [0.9507948583035093, 0.027384979199769507, 0.02182016249672126], "9-/ /ch/ch/ /ch/r": [0.0, 0.0735845999573347, 0.9264154000426653], "6-/ /ch/ch/ /ch/r/rr": [0.5834823415444945, 0.41651765845550554], "5-/ /ch/ch/ /ch/r/rr": [0.8912856121761923, 0.1087143878238078], "9-/ /ch/ch/ /ch/r/rr": [0.0, 1.0], "6-/ /ch/ch/ /r": [0.6951779302386898, 0.21187640918466666, 0.09294566057664355], "5-/ /ch/ch/ /r": [0.9493453440605035, 0.0, 0.05065465593949651], "9-/ /ch/ch/ /r": [0.0, 0.06843159599207835, 0.9315684040079216], "6-/ /ch/ch/ /r/rr": [0.46987199967844856, 0.5301280003215515], "5-/ /ch/ch/ /r/rr": [0.503431685292496, 0.4965683147075039], "9-/ /ch/ch/ /r/rr": [0.0, 1.0], "2-/ /ch/r": [0.13714177069271083, 0.40541893786566613, 0.4574392914416231], "1-/ /ch/r": [0.3120121353927887, 0.2946137843606884, 0.39337408024652293], "3-/ /ch/r": [0.0, 0.400247146029023, 0.599752853970977], "6-/ /ch/r/c/ ": [0.9565243829900241, 0.04347561700997595], "5-/ /ch/r/c/ ": [0.8280796346164486, 0.1719203653835514], "9-/ /ch/r/c/ ": [0.048260117531577426, 0.9517398824684227], "6-/ /ch/r/c/ /ch": [0.49813813872675017, 0.5018618612732498], "5-/ /ch/r/c/ /ch": [0.7289219951028045, 0.27107800489719547], "9-/ /ch/r/c/ /ch": [0.010251835520619132, 0.9897481644793809], "6-/ /ch/r/c/ /ch/r": [0.1779039556891518, 0.7746226365069554, 0.04747340780389285], "5-/ /ch/r/c/ /ch/r": [0.49426064614923515, 0.33273357185129115, 0.17300578199947367], "9-/ /ch/r/c/ /ch/r": [0.0, 0.10594083886778494, 0.8940591611322151], "6-/ /ch/r/c/ /ch/r/rr": [0.311894650072611, 0.6881053499273889], "5-/ /ch/r/c/ /ch/r/rr": [0.15751211312306784, 0.8424878868769322], "9-/ /ch/r/c/ /ch/r/rr": [0.0, 1.0], "6-/ /ch/r/c/ /r": [0.27775695539949186, 0.5699564892553762, 0.15228655534513194], "5-/ /ch/r/c/ /r": [0.46379456800256424, 0.46260401369162013, 0.0736014183058157], "9-/ /ch/r/c/ /r": [0.0, 0.0602798841881748, 0.9397201158118251], "6-/ /ch/r/c/ /r/rr": [0.3241919625953147, 0.6758080374046853], "5-/ /ch/r/c/ /r/rr": [0.5397824601142194, 0.46021753988578057], "9-/ /ch/r/c/ /r/rr": [0.0, 1.0], "2-/ /ch/r/rr": [0.12108595786338044, 0.8789140421366196], "1-/ /ch/r/rr": [0.31411627938269443, 0.6858837206173056], "3-/ /ch/r/rr": [0.01355372010006356, 0.9864462798999364], "4-/ /ch/r/rr/c/ ": [0.6587717974722177, 0.34122820252778224], "6-/ /ch/r/rr/c/ ": [0.780687218001009, 0.21931278199899096], "8-/ /ch/r/rr/c/ ": [0.3626337890381306, 0.6373662109618694], "4-/ /ch/r/rr/c/ /ch": [0.13729706871482933, 0.8627029312851707], "6-/ /ch/r/rr/c/ /ch": [0.5575508299858237, 0.4424491700141762], "8-/ /ch/r/rr/c/ /ch": [0.12380698485981492, 0.8761930151401851], "4-/ /ch/r/rr/c/ /ch/r": [0.9545595201465871, 0.0, 0.045440479853413034], "6-/ /ch/r/rr/c/ /ch/r": [0.3116684647190979, 0.5963483733420887, 0.09198316193881349], "8-/ /ch/r/rr/c/ /ch/r": [0.0, 0.03619900642145988, 0.9638009935785401], "4-/ /ch/r/rr/c/ /ch/r/rr": [0.8886836404870758, 0.11131635951292422], "6-/ /ch/r/rr/c/ /ch/r/rr": [0.0, 1.0], "8-/ /ch/r/rr/c/ /ch/r/rr": [0.0, 1.0], "4-/ /ch/r/rr/c/ /r": [0.631633136673026, 0.0, 0.368366863326974], "6-/ /ch/r/rr/c/ /r": [0.042141063890371686, 0.8335734065268497, 0.1242855295827786], "8-/ /ch/r/rr/c/ /r": [0.0, 0.5678130594967963, 0.4321869405032037], "4-/ /ch/r/rr/c/ /r/rr": [0.9677666081777905, 0.032233391822209544], "6-/ /ch/r/rr/c/ /r/rr": [0.09748747561338073, 0.9025125243866193], "8-/ /ch/r/rr/c/ /r/rr": [0.0, 1.0], "2-/ /r": [0.05582117271210723, 0.3986655234544125, 0.5455133038334804], "1-/ /r": [0.30533899065079423, 0.3376370376530785, 0.3570239716961272], "3-/ /r": [0.010645501858481276, 0.4265452027144296, 0.5628092954270891], "4-/ /r/c/ ": [0.5816845900238189, 0.41831540997618116], "6-/ /r/c/ ": [0.8911963697519648, 0.10880363024803523], "8-/ /r/c/ ": [0.6241295303992059, 0.375870469600794], "4-/ /r/c/ /ch": [0.6075291619614176, 0.39247083803858246], "6-/ /r/c/ /ch": [0.570905276279147, 0.429094723720853], "8-/ /r/c/ /ch": [0.03545511317059912, 0.964544886829401], "4-/ /r/c/ /ch/r": [0.9121638340508406, 0.04945366005325555, 0.03838250589590391], "6-/ /r/c/ /ch/r": [0.03328911517821221, 0.8691655702155158, 0.09754531460627199], "8-/ /r/c/ /ch/r": [0.0, 0.0723958370799495, 0.9276041629200505], "4-/ /r/c/ /ch/r/rr": [0.9218500631386444, 0.07814993686135563], "6-/ /r/c/ /ch/r/rr": [0.32797658554626585, 0.6720234144537341], "8-/ /r/c/ /ch/r/rr": [0.0, 1.0], "4-/ /r/c/ /r": [0.8744371258004303, 0.014117908578006946, 0.11144496562156278], "6-/ /r/c/ /r": [0.3388470741485721, 0.4977124207925647, 0.1634405050588632], "8-/ /r/c/ /r": [0.0, 0.09854174489390101, 0.901458255106099], "4-/ /r/c/ /r/rr": [1.0, 0.0], "6-/ /r/c/ /r/rr": [0.017801163584661005, 0.982198836415339], "8-/ /r/c/ /r/rr": [0.0, 1.0], "2-/ /r/rr": [0.015009820385262265, 0.9849901796147378], "1-/ /r/rr": [0.3477738732479299, 0.65222612675207], "3-/ /r/rr": [0.0, 1.0], "4-/ /r/rr/c/ ": [0.5279781640322101, 0.47202183596778985], "7-/ /r/rr/c/ ": [0.0, 1.0], "5-/ /r/rr/c/ ": [0.7823288332704313, 0.2176711667295687], "4-/ /r/rr/c/ /ch": [0.6889251452208169, 0.3110748547791831], "7-/ /r/rr/c/ /ch": [0.0, 1.0], "5-/ /r/rr/c/ /ch": [0.6299926496940925, 0.37000735030590753], "4-/ /r/rr/c/ /ch/r": [0.8735649855536595, 0.0, 0.12643501444634056], "7-/ /r/rr/c/ /ch/r": [0.3333333333333333, 0.3333333333333333, 0.3333333333333333], "5-/ /r/rr/c/ /ch/r": [0.43256441275023, 0.3500921215460095, 0.2173434657037604], "4-/ /r/rr/c/ /ch/r/rr": [0.9789058185106879, 0.021094181489312146], "7-/ /r/rr/c/ /ch/r/rr": [0.0, 1.0], "5-/ /r/rr/c/ /ch/r/rr": [0.29208731995897885, 0.7079126800410211], "4-/ /r/rr/c/ /r": [0.8081170104096324, 0.027757308145523057, 0.16412568144484466], "7-/ /r/rr/c/ /r": [0.0, 0.06500909532871096, 0.9349909046712891], "5-/ /r/rr/c/ /r": [0.4287096012965093, 0.2911418873964284, 0.28014851130706236], "4-/ /r/rr/c/ /r/rr": [1.0, 0.0], "7-/ /r/rr/c/ /r/rr": [0.0, 1.0], "5-/ /r/rr/c/ /r/rr": [0.38565483318556876, 0.6143451668144312], "7-/ /r/c/ ": [0.10987715397744631, 0.8901228460225538], "5-/ /r/c/ ": [0.8946757891358923, 0.1053242108641078], "7-/ /r/c/ /ch": [0.0, 1.0], "5-/ /r/c/ /ch": [0.7074185623870595, 0.29258143761294053], "7-/ /r/c/ /ch/r": [0.024682929759324186, 0.12189574075885484, 0.853421329481821], "5-/ /r/c/ /ch/r": [0.5114070108342902, 0.3721062085944851, 0.11648678057122472], "7-/ /r/c/ /ch/r/rr": [0.0, 1.0], "5-/ /r/c/ /ch/r/rr": [0.37533342016625887, 0.6246665798337411], "7-/ /r/c/ /r": [0.0, 0.22546306860908782, 0.7745369313909122], "5-/ /r/c/ /r": [0.4455155983331372, 0.42613648417702854, 0.12834791748983435], "7-/ /r/c/ /r/rr": [0.0, 1.0], "5-/ /r/c/ /r/rr": [0.5259527004360011, 0.4740472995639989], "4-/ /ch/ch/ ": [0.9427467868121678, 0.057253213187832185], "8-/ /ch/ch/ ": [0.8687880880213628, 0.13121191197863727], "4-/ /ch/ch/ /ch": [0.7745074870242512, 0.22549251297574885], "8-/ /ch/ch/ /ch": [0.0, 1.0], "4-/ /ch/ch/ /ch/r": [0.9752750637354983, 0.0, 0.024724936264501694], "8-/ /ch/ch/ /ch/r": [0.0, 0.10078430791487611, 0.899215692085124], "4-/ /ch/ch/ /ch/r/rr": [1.0, 0.0], "8-/ /ch/ch/ /ch/r/rr": [0.0, 1.0], "4-/ /ch/ch/ /r": [0.9343989643383952, 0.0, 0.06560103566160483], "8-/ /ch/ch/ /r": [0.0, 0.09251426301323704, 0.9074857369867629], "4-/ /ch/ch/ /r/rr": [0.9217003224589894, 0.07829967754101066],