{"8- ": [0.9852198786871923, 0.014780121312807747], "9- /ch": [1.0, 0.0], "8- /ch/r": [0.0, 0.015026442279486303, 0.9849735577205138], "6- /ch/r/c/ ": [0.5, 0.5], "3- /ch/r/c/ /ch": [0.5, 0.5], "3- /ch/r/c/ /r": [0.3333333333333333, 0.3333333333333333, 0.3333333333333333], "9- /ch/r/rr": [0.5, 0.5], "9- /r": [0.3374920596726071, 0.3759130340663003, 0.28659490626109263], "6- /r/c/ ": [0.04736350163688387, 0.9526364983631161], "3- /r/c/ /ch": [0.0, 1.0], "3- /r/c/ /r": [0.0, 0.0, 1.0], "6- /r/c/ /r/rr": [1.0, 0.0], "6- /ch/ch/ ": [0.9173556230776552, 0.08264437692234478], "3- /ch/ch/ /r": [0.0, 0.0, 1.0], "6- /ch/ch/ /r/rr": [1.0, 0.0], "6- /ch/r/rr/c/ ": [0.5, 0.5], "3- /ch/r/rr/c/ /r": [0.3333333333333333, 0.3333333333333333, 0.3333333333333333], "6- /ch/r/rr/c/ /r/rr": [0.5, 0.5], "7- ": [0.9384438767450555, 0.06155612325494457], "8- /ch": [1.0, 0.0], "5- /ch/ch/ ": [1.0, 0.0], "6- /ch/ch/ /ch": [0.4080875672827297, 0.5919124327172703], "5- /ch/ch/ /ch/r": [0.9833505350067354, 0.016649464993264584, 0.0], "6- /ch/ch/ /ch/r/rr": [1.0, 0.0], "6- /ch/ch/ /r": [0.7055685943443663, 0.0, 0.29443140565563375], "5- /ch/ch/ /r/rr": [0.5, 0.5], "8- /r": [0.39961712689686735, 0.6003828731031328, 0.0], "7- /r/rr": [0.0, 1.0], "5- /r/rr/c/ ": [0.5, 0.5], "6- /r/rr/c/ /ch": [0.5, 0.5], "6- /r/rr/c/ /r": [0.0, 0.0, 1.0], "7- /ch/r": [0.0, 0.6176874278755846, 0.38231257212441533], "8- /ch/r/rr": [0.5, 0.5], "5- /ch/r/rr/c/ ": [0.5, 0.5], "6- /ch/r/rr/c/ /ch": [0.5, 0.5], "5- /ch/r/rr/c/ /ch/r": [0.3333333333333333, 0.3333333333333333, 0.3333333333333333], "2- /ch/ch/ ": [0.8333607073899024, 0.1666392926100976], "8- /r/rr": [0.5, 0.5], "2- /r/rr/c/ ": [0.5, 0.5], "2- /r/rr/c/ /ch/r": [0.3333333333333333, 0.3333333333333333, 0.3333333333333333], "6- /r/rr/c/ /ch/r/rr": [0.5, 0.5], "2- /ch/ch/ /r/rr": [0.0, 1.0], "2- /ch/r/rr/c/ ": [0.5, 0.5], "2- /ch/r/rr/c/ /ch/r": [0.3333333333333333, 0.3333333333333333, 0.3333333333333333], "9- ": [0.9945114751452441, 0.005488524854755923], "2- /ch/ch/ /ch": [0.0, 1.0], "2- /ch/ch/ /r": [0.0, 0.12500000000000003, 0.875], "9- /r/rr": [0.0, 1.0], "6- /r/rr/c/ ": [0.5, 0.5], "2- /r/rr/c/ /ch": [0.5, 0.5], "6- /r/rr/c/ /ch/r": [0.3333333333333333, 0.3333333333333333, 0.3333333333333333], "2- /r/rr/c/ /ch/r/rr": [0.5, 0.5], "2- /r/rr/c/ /r": [0.3333333333333333, 0.3333333333333333, 0.3333333333333333], "2- /r/c/ /ch": [0.0, 1.0], "6- /r/c/ /ch/r": [0.3333333333333333, 0.3333333333333333, 0.3333333333333333], "6- /r/c/ /ch": [0.8564024831363586, 0.1435975168636414], "6- /r/c/ /r": [0.24733387628901718, 0.7152299879292813, 0.037436135781701546], "9- /ch/r": [0.0, 1.0, 0.0], "6- /ch/r/c/ /r": [0.3333333333333333, 0.3333333333333333, 0.3333333333333333], "6- /ch/r/c/ /r/rr": [0.5, 0.5], "7- /ch": [0.9950922815820691, 0.004907718417931026], "4- /ch/ch/ /ch": [1.0, 0.0], "4- /ch/ch/ /r": [0.9375255659417356, 0.0624744340582644, 0.0], "7- /r": [0.0, 1.0, 0.0], "4- /r/rr/c/ /ch": [0.5, 0.5], "4- /r/rr/c/ /ch/r/rr": [0.5, 0.5], "4- /r/rr/c/ /r": [0.3333333333333333, 0.3333333333333333, 0.3333333333333333], "4- /r/c/ /ch": [1.0, 0.0], "4- /ch/ch/ ": [1.0, 0.0], "5- /ch/ch/ /ch": [0.926068377765594, 0.07393162223440601], "4- /ch/ch/ /ch/r": [0.9986728857652101, 0.0, 0.0013271142347899662], "5- /ch/ch/ /ch/r/rr": [0.9846402819592182, 0.015359718040781898], "5- /ch/ch/ /r": [0.8540461293879936, 0.01430512744537782, 0.13164874316662858], "4- /ch/ch/ /r/rr": [0.5, 0.5], "4- /ch/r/rr/c/ ": [0.5, 0.5], "5- /ch/r/rr/c/ /r": [0.3333333333333333, 0.3333333333333333, 0.3333333333333333], "4- /ch/r/rr/c/ /r/rr": [0.5, 0.5], "6- /ch/ch/ /ch/r": [1.0, 0.0, 0.0], "4- /ch/ch/ /ch/r/rr": [0.5, 0.5], "4- /r/c/ /ch/r/rr": [0.5, 0.5], "4- /r/c/ /r": [0.7062037736475442, 0.20367463877621528, 0.09012158757624057], "4- /ch/r/c/ /ch": [0.5, 0.5], "4- /ch/r/c/ /r": [0.3333333333333333, 0.3333333333333333, 0.3333333333333333], "7- /ch/r/rr": [0.0, 1.0], "4- /ch/r/rr/c/ /r": [0.3333333333333333, 0.3333333333333333, 0.3333333333333333], "3- /ch/ch/ ": [0.9614806789763137, 0.03851932102368631], "3- /r/c/ ": [0.5, 0.5], "5- /r/c/ /ch": [1.0, 0.0], "5- /r/c/ /r": [0.6021427611362623, 0.3978572388637377, 0.0], "3- /r/c/ /r/rr": [0.5, 0.5], "3- /r/c/ /ch/r": [0.3333333333333333, 0.3333333333333333, 0.3333333333333333], "3- /r/rr/c/ ": [0.5, 0.5], "5- /r/rr/c/ /ch": [0.5, 0.5], "3- /r/rr/c/ /ch/r": [0.3333333333333333, 0.3333333333333333, 0.3333333333333333], "5- /r/rr/c/ /ch/r/rr": [0.5, 0.5], "2- /ch/ch/ /ch/r/rr": [0.5, 0.5], "2- /r/c/ /ch/r/rr": [0.5, 0.5], "2- /r/c/ /r": [0.0, 0.0, 1.0], "2- /ch/r/rr/c/ /ch": [0.5, 0.5], "6- /ch/r/rr/c/ /ch/r": [0.3333333333333333, 0.3333333333333333, 0.3333333333333333], "2- /ch/r/rr/c/ /ch/r/rr": [0.5, 0.5], "1- /ch/ch/ ": [0.7089393290792261, 0.291060670920774], "1- /ch/ch/ /ch/r": [0.0, 0.0, 1.0], "1- /ch/ch/ /r/rr": [0.0, 1.0], "1- /r/c/ ": [0.0, 1.0], "1- /r/c/ /ch/r": [0.3333333333333333, 0.3333333333333333, 0.3333333333333333], "1- /r/c/ /r/rr": [0.5, 0.5], "1- /ch/r/c/ ": [0.5, 0.5], "1- /ch/r/c/ /ch/r": [0.3333333333333333, 0.3333333333333333, 0.3333333333333333], "3- /ch/ch/ /ch": [0.0, 1.0], "3- /ch/ch/ /ch/r/rr": [0.5, 0.5], "3- /r/rr/c/ /ch": [0.5, 0.5], "3- /r/rr/c/ /r": [0.3333333333333333, 0.3333333333333333, 0.3333333333333333], "5- /ch/r/c/ ": [0.5, 0.5], "5- /ch/r/c/ /ch/r": [0.3333333333333333, 0.3333333333333333, 0.3333333333333333], "6- /r/rr/c/ /r/rr": [0.5, 0.5], "2- /r/c/ ": [0.5, 0.5], "2- /r/c/ /ch/r": [0.3333333333333333, 0.3333333333333333, 0.3333333333333333], "4- /ch/r/rr/c/ /ch": [0.5, 0.5], "4- /r/c/ ": [0.5, 0.5], "5- /ch/r/rr/c/ /ch": [0.5, 0.5], "4- /ch/r/rr/c/ /ch/r": [0.3333333333333333, 0.3333333333333333, 0.3333333333333333], "2- /ch/r/rr/c/ /r": [0.3333333333333333, 0.3333333333333333, 0.3333333333333333], "5- /ch/r/c/ /r": [0.3333333333333333, 0.3333333333333333, 0.3333333333333333], "1- /ch/r/c/ /r/rr": [0.5, 0.5], "5- /r/c/ ": [0.5, 0.5], "5- /r/c/ /ch/r": [0.3333333333333333, 0.3333333333333333, 0.3333333333333333], "3- /r/c/ /ch/r/rr": [0.5, 0.5], "5- /r/c/ /r/rr": [0.5, 0.5], "5- /ch/r/c/ /r/rr": [0.5, 0.5], "5- /r/rr/c/ /ch/r": [0.3333333333333333, 0.3333333333333333, 0.3333333333333333], "3- /r/rr/c/ /ch/r/rr": [0.5, 0.5], "5- /r/rr/c/ /r/rr": [0.5, 0.5], "5- /r/rr/c/ /r": [0.3333333333333333, 0.3333333333333333, 0.3333333333333333], "6- /r/c/ /ch/r/rr": [0.5, 0.5], "4- /r/c/ /ch/r": [0.3333333333333333, 0.3333333333333333, 0.3333333333333333], "4- /r/rr/c/ ": [0.5, 0.5], "4- /r/rr/c/ /r/rr": [0.5, 0.5], "4- /r/rr/c/ /ch/r": [0.3333333333333333, 0.3333333333333333, 0.3333333333333333], "4- /r/c/ /r/rr": [0.5, 0.5], "3- /ch/r/c/ ": [0.5, 0.5], "5- /ch/r/c/ /ch": [0.0, 1.0], "3- /ch/r/rr/c/ ": [0.5, 0.5], "3- /ch/r/rr/c/ /ch/r": [0.3333333333333333, 0.3333333333333333, 0.3333333333333333], "5- /ch/r/rr/c/ /ch/r/rr": [0.5, 0.5], "3- /ch/r/rr/c/ /r/rr": [0.5, 0.5], "3- /ch/ch/ /r/rr": [0.0, 1.0], "2- /r/c/ /r/rr": [0.5, 0.5], "1- /r/rr/c/ ": [0.5, 0.5], "1- /r/rr/c/ /ch/r": [0.3333333333333333, 0.3333333333333333, 0.3333333333333333], "6- /ch/r/c/ /ch/r": [0.3333333333333333, 0.3333333333333333, 0.3333333333333333], "4- /ch/r/c/ /ch/r/rr": [0.5, 0.5], "4- /ch/r/rr/c/ /ch/r/rr": [0.5, 0.5], "1- /r/rr/c/ /r/rr": [0.5, 0.5], "5- /ch/r/rr/c/ /r/rr": [0.5, 0.5], "5- /r/c/ /ch/r/rr": [0.5, 0.5], "3- /ch/ch/ /ch/r": [0.0, 0.0, 1.0], "2- /ch/r/c/ ": [0.5, 0.5], "2- /ch/r/c/ /ch/r": [0.3333333333333333, 0.3333333333333333, 0.3333333333333333], "2- /ch/r/c/ /r/rr": [0.5, 0.5], "2- /ch/r/rr/c/ /r/rr": [0.5, 0.5], "4- /ch/r/c/ ": [0.5, 0.5], "1- /ch/r/c/ /ch": [0.5, 0.5], "4- /ch/r/c/ /ch/r": [0.3333333333333333, 0.3333333333333333, 0.3333333333333333], "1- /ch/r/c/ /ch/r/rr": [0.5, 0.5], "1- /ch/r/c/ /r": [0.3333333333333333, 0.3333333333333333, 0.3333333333333333], "1- /ch/r/rr/c/ /ch": [0.5, 0.5], "1- /ch/r/rr/c/ /ch/r/rr": [0.5, 0.5], "1- /ch/r/rr/c/ /r": [0.3333333333333333, 0.3333333333333333, 0.3333333333333333], "1- /r/c/ /ch": [0.5, 0.5],