{"K": [0.3406686980016577, 0.6593313019983423], "Qp": [1.0, 0.0], "Kpb": [0.0, 1.0], "Qb": [0.6669255005023107, 0.33307449949768925], "Jp": [0.6648509634856145, 0.3351490365143856], "Jb": [1.0, 0.0], "Q": [1.0, 0.0], "Kp": [0.0, 1.0], "Qpb": [0.4440896355059611, 0.5559103644940389], "Kb": [0.0, 1.0], "J": [0.7794554336572552, 0.2205445663427448], "Jpb": [1.0, 0.0]}